[{
        "mobileno": "+639177511917",
        "address": "N/A",
        "type": "Car Owner",
        "name": "Mark Saberola"
    },
    {
        "mobileno": "+639176778477",
        "address": "N/A",
        "type": "Car Owner",
        "name": "Nasher Astor "
    },
    {
        "mobileno": "+639062075201",
        "address": "N/A",
        "type": "Car Owner",
        "name": "Ryan Salvanera"
    },
    {
        "mobileno": "+639772761275",
        "address": "N/A",
        "type": "Car Owner",
        "name": "Divine"
    },
    {
        "mobileno": "+639293675992",
        "address": "N/A",
        "type": "Car Owner",
        "name": "Kevin Abalos"
    },
    {
        "mobileno": "+639336043653",
        "address": "N/A",
        "type": "Car Owner",
        "name": "Allen Paul Gloria"
    },
    {
        "mobileno": "+639985309986",
        "address": "N/A",
        "type": "Car Owner",
        "name": "Shiela Camille Morales"
    },
    {
        "mobileno": "+639175957174",
        "address": "N/A",
        "type": "Car Owner",
        "name": "Melchie Cas"
    },
    {
        "mobileno": "+639053587129",
        "address": "N/A",
        "type": "Car Owner",
        "name": "Maria Victoria Q. Talatala"
    },
    {
        "mobileno": "+639183238964",
        "address": "N/A",
        "type": "Car Owner",
        "name": "Anne Katrina tenorio "
    },
    {
        "mobileno": "+639088777387",
        "address": "N/A",
        "type": "Car Owner",
        "name": "Andreus Cosio"
    },
    {
        "mobileno": "+639232422599",
        "address": "N/A",
        "type": "Car Owner",
        "name": "Joe Allan Salazar"
    },
    {
        "mobileno": "+639177026839",
        "address": "N/A",
        "type": "Car Owner",
        "name": "Arjay Osma"
    },
    {
        "mobileno": "+639955751206",
        "address": "N/A",
        "type": "Car Owner",
        "name": "Carlo Herico"
    },
    {
        "mobileno": "+639176780365",
        "address": "N/A",
        "type": "Car Owner",
        "name": "John Pasagui"
    },
    {
        "mobileno": "+639173112961",
        "address": "N/A",
        "type": "Car Owner",
        "name": "Mark Anthony Llego"
    },
    {
        "mobileno": "+639667539184",
        "address": "N/A",
        "type": "Car Owner",
        "name": "Carlo"
    },
    {
        "mobileno": "+639217961338",
        "address": "N/A",
        "type": "Car Owner",
        "name": "Julio Reyes"
    },
    {
        "mobileno": "+639176287492",
        "address": "N/A",
        "type": "Car Repair Shop",
        "name": "ValuePlus Auto Services Philippines Inc. "
    },
    {
        "mobileno": "+639176287492",
        "address": "N/A",
        "type": "Car Repair Shop",
        "name": "ValuePlus Auto Services Phils. Inc"
    },
    {
        "mobileno": "+639205695933",
        "address": "N/A",
        "type": "Car Repair Shop",
        "name": "CAR CREW Auto Service Center"
    }
]